{
  "_about": "Lista opcional para controlar qué archivos usar por sección. Coloca aquí SOLO audios livianos (<10-15MB).",
  "_tip": "Si no rellenas esta lista, el motor intentará encontrar archivos por nombre. Recomendado en Git LFS o comprimir a 128 kbps.",
  "_all": [],
  "intro": ["Hondread_-_Intro.mp3","Yemex_-_Isese_Ifayomi.mp3"],
  "esu": ["Ifagbenusola_Owomide_Popoola_-_Esu.mp3"],
  "ogun": ["Ifagbenusola_Owomide_Popoola_-_Ogun.mp3"],
  "oshosi": ["Adedayo_Ologundudu_-_Oshosi.mp3"],
  "obatala": ["Adedayo_Ologundudu_-_Obatala.mp3"],
  "sango": ["Asabioje_Afenapa_-_Sango.mp3"],
  "yemoja": ["Asabioje_Afenapa_-_Yemoja.mp3"],
  "oya": ["Asabioje_Afenapa_-_Oya.mp3"],
  "osun": ["Asabioje_Afenapa_-_Osun.mp3"],
  "orunmila": ["Edaoto_-_Ifa.mp3"],
  "ifa": ["Hondread_-_IFA.mp3"],
  "egungun": ["Asabioje_Afenapa_-_Egungun.mp3"],
  "olodumare": ["Hondread_-_Olodumare.mp3"]
}
